"COD_RETORNO","TIPO","DATA_REFERENCIA","VALOR","VARIACAO","VAR_ACUM","GRUPO","RETORNO_DIA","VARIANCIA_DIA","STA"
"0CMSCTF008",0,2025-03-24 00:00:00.000,105.60926273,0.14869871157308912,0.000087743281045622,2,0.005715807435098419,0.000087743281045622,1
"0CMSCTF008",0,2025-03-21 00:00:00.000,105.00734239,0.15525139989722203,0.00009564681416685378,2,0.0020080975509575534,0.00009564681416685378,1
"0CMSCTF008",0,2025-03-20 00:00:00.000,104.79668898,0.16557837962257455,0.00010879444364459288,2,-0.0004493106670838903,0.00010879444364459288,1
"0CMSCTF008",0,2025-03-19 00:00:00.000,104.84378583,0.1770407115276419,0.0001243786251516417,2,0.010994709310830892,0.0001243786251516417,1
"0CMSCTF008",0,2025-03-18 00:00:00.000,103.69737267,0.177397318938432,0.0001248801935180308,2,0.002555972847621829,0.0001248801935180308,1
"0CMSCTF008",0,2025-03-17 00:00:00.000,103.43266344,0.18907616332332564,0.00014186426800424172,2,0.011008848977244945,0.00014186426800424172,1
"0CMSCTF008",0,2025-03-14 00:00:00.000,102.30023368,0.19104266940221798,0.0001448305616362109,2,0.018858470112167264,0.0001448305616362109,1
"0CMSCTF008",0,2025-03-13 00:00:00.000,100.38908509,0.16992168835602958,0.00011457690545144301,2,0.006727832964107148,0.00011457690545144301,1
"0CMSCTF008",0,2025-03-12 00:00:00.000,99.715951,0.17714420043883697,0.00012452407836950337,2,0.006035663937586647,0.00012452407836950337,1
"0CMSCTF008",0,2025-03-11 00:00:00.000,99.11591167,0.18591930546119223,0.0001371666196157623,2,-0.006866373605605005,0.0001371666196157623,1
"0CMSCTF008",0,2025-03-10 00:00:00.000,99.79882042,0.19447754227455855,0.00015008537479822503,2,-0.008223297521637788,0.00015008537479822503,1
"0CMSCTF008",0,2025-03-07 00:00:00.000,100.62287941,0.2019993869236747,0.00016191965205373192,2,0.021782912041564288,0.00016191965205373192,1
"0CMSCTF008",0,2025-03-06 00:00:00.000,98.45472022,0.17175435980952508,0.00011706174648245954,2,0.0060953230133363396,0.00011706174648245954,1
"0CMSCTF008",0,2025-03-05 00:00:00.000,97.85643213,0.17997064914512134,0.00012852950219728718,2,-0.0069569062526147925,0.00012852950219728718,1
"0CMSCTF008",0,2025-02-28 00:00:00.000,98.53958371,0.18784925827108037,0.0001400291421944248,2,-0.017461961643598922,0.0001400291421944248,1
"0CMSCTF008",0,2025-02-27 00:00:00.000,100.27538932,0.17124286068476358,0.00011636554498214818,2,0.004538614708271312,0.00011636554498214818,1
"0CMSCTF008",0,2025-02-26 00:00:00.000,99.82130919,0.18107313868793287,0.00013010905378690226,2,-0.012530443480037927,0.00013010905378690226,1
"0CMSCTF008",0,2025-02-25 00:00:00.000,101.07998387,0.1783663225040268,0.00012624819445877179,2,0.0066341568482432955,0.00012624819445877179,1
"0CMSCTF008",0,2025-02-24 00:00:00.000,100.41162286,0.1865169915285652,0.00013804995289232882,2,-0.016524309168817586,0.00013804995289232882,1
"0CMSCTF008",0,2025-02-21 00:00:00.000,102.08464022,0.17293425211152735,0.00011867561727529088,2,-0.005929246504618937,0.00011867561727529088,1
"0CMSCTF008",0,2025-02-20 00:00:00.000,102.69172321,0.18145720122005174,0.0001306615709310093,2,-0.001326815681430675,0.0001306615709310093,1
"0CMSCTF008",0,2025-02-19 00:00:00.000,102.82806663,0.19387723477919083,0.00014916024668899,2,-0.014096262323184568,0.00014916024668899,1
"0CMSCTF008",0,2025-02-18 00:00:00.000,104.28782241,0.18919996507466783,0.0001420501062867283,2,-0.009486519433714117,0.0001420501062867283,1
"0CMSCTF008",0,2025-02-17 00:00:00.000,105.28185838,0.1941113510678241,0.0001495207008467304,2,0.007446347640323521,0.0001495207008467304,1
"0CMSCTF008",0,2025-02-14 00:00:00.000,104.50080467,0.20268527574669676,0.00016302111509727975,2,0.01927578617640853,0.00016302111509727975,1
"0CMSCTF008",0,2025-02-13 00:00:00.000,102.50575931,0.1831385515813268,0.0001330941629972472,2,0.004200499502583653,0.0001330941629972472,1
"0CMSCTF008",0,2025-02-12 00:00:00.000,102.07608697,0.19420334320975532,0.00014966245442002389,2,-0.015306118636460328,0.00014966245442002389,1
"0CMSCTF008",0,2025-02-11 00:00:00.000,103.65049396,0.18615819104403342,0.00013751933370153508,2,0.015423310931795614,0.00013751933370153508,1
"0CMSCTF008",0,2025-02-10 00:00:00.000,102.06412514,0.1761403295232299,0.00012311672890695242,2,0.004560136009779483,0.00012311672890695242,1
"0CMSCTF008",0,2025-02-07 00:00:00.000,101.59975844,0.18634873908106356,0.00013780100221072342,2,-0.011566095338438238,0.00013780100221072342,1
"0CMSCTF008",0,2025-02-06 00:00:00.000,102.78169294,0.18673903567029634,0.00013837883905981036,2,0.009325738095530575,0.00013837883905981036,1
"0CMSCTF008",0,2025-02-05 00:00:00.000,101.82763336,0.19165247959765477,0.00014575663863464078,2,-0.008811928745324254,0.00014575663863464078,1
"0CMSCTF008",0,2025-02-04 00:00:00.000,102.72889631,0.1979740476726077,0.00015553064901538074,2,-0.009168473484857331,0.00015553064901538074,1
"0CMSCTF008",0,2025-02-03 00:00:00.000,103.67509444,0.20439765874763574,0.00016578731310124985,2,0.005183052842898143,0.00016578731310124985,1
"0CMSCTF008",0,2025-01-31 00:00:00.000,103.13913111,0.21633889322850236,0.00018572427271164026,2,-0.0056168966888444916,0.00018572427271164026,1
"0CMSCTF008",0,2025-01-30 00:00:00.000,103.720083,0.22886282962291252,0.00020784997929764398,2,0.02638087958393824,0.00020784997929764398,1
"0CMSCTF008",0,2025-01-29 00:00:00.000,101.01963272,0.18634964873879292,0.00013780234755980756,2,-0.004433561422676467,0.00013780234755980756,1
"0CMSCTF008",0,2025-01-28 00:00:00.000,101.46850378,0.19748138606583357,0.00015475753112096353,2,-0.007713218242473974,0.00015475753112096353,1
"0CMSCTF008",0,2025-01-27 00:00:00.000,102.25417864,0.20601961348846953,0.00016842889342039036,2,0.023344416242780188,0.00016842889342039036,1
"0CMSCTF008",0,2025-01-24 00:00:00.000,99.89476129,0.16978485095034024,0.00011439244290567164,2,-0.0026408444622504764,0.00011439244290567164,1
"0CMSCTF008",0,2025-01-23 00:00:00.000,100.15891646,0.18086361027050482,0.00012980811714317878,2,-0.009937153740476693,0.00012980811714317878,1
"0CMSCTF008",0,2025-01-22 00:00:00.000,101.15917263,0.18394281597193282,0.00013426571249081087,2,0.000991965147510899,0.00013426571249081087,1
"0CMSCTF008",0,2025-01-21 00:00:00.000,101.05887601,0.1966088713318293,0.00015339304875545956,2,0.007317537846544104,0.00015339304875545956,1
"0CMSCTF008",0,2025-01-20 00:00:00.000,100.32207294,0.2055868925391586,0.00016772210469804584,2,-0.003020306583438684,0.00016772210469804584,1
"0CMSCTF008",0,2025-01-17 00:00:00.000,100.6255344,0.21909285934025993,0.00019048286116623382,2,0.009192116265105105,0.00019048286116623382,1
"0CMSCTF008",0,2025-01-16 00:00:00.000,99.70481097,0.22767234463307845,0.00020569324012191764,2,-0.011540216287699322,0.00020569324012191764,1
"0CMSCTF008",0,2025-01-15 00:00:00.000,100.86209084,0.23336074399116608,0.00021610014617504185,2,0.0271173105061882,0.00021610014617504185,1
"0CMSCTF008",0,2025-01-14 00:00:00.000,98.16373365,0.1888883075909853,0.00014158251089121696,2,-0.001136367891205118,0.00014158251089121696,1
"0CMSCTF008",0,2025-01-13 00:00:00.000,98.27534717,0.20187217813658614,0.00016171577899051415,2,-0.004210954847386254,0.00016171577899051415,1
"0CMSCTF008",0,2025-01-10 00:00:00.000,98.69005276,0.21438166065274,0.00018237895406439115,2,-0.004773995462834107,0.00018237895406439115,1
"0CMSCTF008",0,2025-01-09 00:00:00.000,99.16232504,0.22744436731354584,0.00020528150882007603,2,0.004450751704604859,0.00020528150882007603,1
"0CMSCTF008",0,2025-01-08 00:00:00.000,98.72195886,0.24174053150014504,0.00023189874829354214,2,-0.01575651396317335,0.00023189874829354214,1
"0CMSCTF008",0,2025-01-07 00:00:00.000,100.28979214,0.24051300534368092,0.00022954962595019636,2,0.009523969558020753,0.00022954962595019636,1
"0CMSCTF008",0,2025-01-06 00:00:00.000,99.33916925,0.2507343996572468,0.00024947515544238084,2,0.026274433997057284,0.00024947515544238084,1
"0CMSCTF008",0,2025-01-03 00:00:00.000,96.76307965,0.21661901304232065,0.00018620554290249637,2,-0.012830118525657517,0.00018620554290249637,1
"0CMSCTF008",0,2025-01-02 00:00:00.000,98.01255978,0.2184141071172898,0.00018930445312636093,2,-0.004087078566929138,0.00018930445312636093,1
"0CMSCTF008",0,2024-12-31 00:00:00.000,98.41396454,0.23226440150372277,0.00021407441351540692,2,0.000050716141634973186,0.00021407441351540692,1
"0CMSCTF008",0,2024-12-30 00:00:00.000,98.40897349,0.24837187591919418,0.00024479598709372855,2,0.007259011210691253,0.00024479598709372855,1
"0CMSCTF008",0,2024-12-27 00:00:00.000,97.69720813,0.2619845800929421,0.0002723647627241079,2,0.0002976543344574029,0.0002723647627241079,1
"0CMSCTF008",0,2024-12-26 00:00:00.000,97.66813246,0.2801476336325756,0.00031143927234099925,2,0.005879881305075598,0.00031143927234099925,1
"0CMSCTF008",0,2024-12-24 00:00:00.000,97.09554047,0.29748188619355936,0.00035117251037015,2,0.00004197160344944345,0.00035117251037015,1
"0CMSCTF008",0,2024-12-23 00:00:00.000,97.0914653,0.3181123155168723,0.0004015692273155005,2,-0.01772928044531128,0.0004015692273155005,1
"0CMSCTF008",0,2024-12-20 00:00:00.000,98.82817695,0.32303330683777237,0.00041408935447042217,2,0.008778280552133762,0.00041408935447042217,1
"0CMSCTF008",0,2024-12-19 00:00:00.000,97.96443213,0.3413782886432953,0.00046245688871835323,2,0.02138251898659547,0.00046245688871835323,1
"0CMSCTF008",0,2024-12-18 00:00:00.000,95.89194229,0.3416559838904169,0.00046320956876241587,2,-0.04058287686080476,0.00046320956876241587,1
"0CMSCTF008",0,2024-12-17 00:00:00.000,99.86355789,0.2718795966885105,0.00029332744085518706,2,0.005494920485468538,0.00029332744085518706,1
"0CMSCTF008",0,2024-12-16 00:00:00.000,99.31632047,0.2888505539305853,0.0003310898512143094,2,0.0021525273874958735,0.0003310898512143094,1
"0CMSCTF008",0,2024-12-13 00:00:00.000,99.10276929,0.308611133640319,0.00037793980875699534,2,-0.02035260889350248,0.00037793980875699534,1
"0CMSCTF008",0,2024-12-12 00:00:00.000,101.14043476,0.3064774977038522,0.0003727319706302171,2,-0.03736809358308564,0.0003727319706302171,1
"0CMSCTF008",0,2024-12-11 00:00:00.000,104.99136281,0.23855559073964944,0.00022582845187755203,2,0.01131760228874281,0.00022582845187755203,1
"0CMSCTF008",0,2024-12-10 00:00:00.000,103.8098111,0.24585263111664582,0.00023985522312292668,2,0.015639599700244346,0.00023985522312292668,1
"0CMSCTF008",0,2024-12-09 00:00:00.000,102.19889707,0.24550362238272566,0.00023917471667872996,2,0.0031333497119613867,0.00023917471667872996,1
"0CMSCTF008",0,2024-12-06 00:00:00.000,101.87917335,0.2618523283682589,0.00027208984869793045,2,-0.023239399084261828,0.00027208984869793045,1
"0CMSCTF008",0,2024-12-05 00:00:00.000,104.2745094,0.24264220835389314,0.0002336319098208496,2,0.013114269493424034,0.0002336319098208496,1
"0CMSCTF008",0,2024-12-04 00:00:00.000,102.91595309,0.24719367909934456,0.0002424790277248799,2,0.0018803663977586347,0.0002424790277248799,1
"0CMSCTF008",0,2024-12-03 00:00:00.000,102.72261522,0.26409471350177965,0.0002767699115062979,2,0.012984981763035516,0.0002767699115062979,1
"0CMSCTF008",0,2024-12-02 00:00:00.000,101.39738659,0.27139932518938853,0.0002922920385446645,2,-0.009061586194411065,0.0002922920385446645,1
"0CMSCTF008",0,2024-11-29 00:00:00.000,102.32038334,0.28505906765659744,0.0003224550478303516,2,0.00977556029572803,0.0003224550478303516,1
"0CMSCTF008",0,2024-11-28 00:00:00.000,101.32501732,0.2991056643720347,0.0003550166605533185,2,-0.038364221021354665,0.0003550166605533185,1
"0CMSCTF008",0,2024-11-27 00:00:00.000,105.28780121,0.22153016938172648,0.0001947445077233985,2,-0.019707027474354873,0.0001947445077233985,1
"0CMSCTF008",0,2024-11-26 00:00:00.000,107.38329092,0.2051178337909015,0.0001669576418217139,2,0.018236818372590013,0.0001669576418217139,1
"0CMSCTF008",0,2024-11-25 00:00:00.000,105.44271014,0.18995681799114691,0.00014318885992587984,2,0.01272625152878786,0.00014318885992587984,1
"0CMSCTF008",0,2024-11-22 00:00:00.000,104.1093222,0.1881617174328521,0.00014049536471143044,2,0.016571813684525497,0.00014049536471143044,1
"0CMSCTF008",0,2024-11-21 00:00:00.000,102.39825878,0.17479724881207861,0.00012124634203282426,2,-0.01188729000130235,0.00012124634203282426,1
"0CMSCTF008",0,2024-11-19 00:00:00.000,103.62276016,0.172709487894395,0.00011836733019342925,2,0.0055691042792909914,0.00011836733019342925,1
"0CMSCTF008",0,2024-11-18 00:00:00.000,103.04727815,0.18162499226861245,0.00013090332466894259,2,0.013097032378030993,0.00013090332466894259,1
"0CMSCTF008",0,2024-11-14 00:00:00.000,101.70646412,0.17753395749612713,0.0001250726431120503,2,-0.0005403052031350385,0.0001250726431120503,1
"0CMSCTF008",0,2024-11-13 00:00:00.000,101.7614315,0.18981822575314244,0.0001429799953494879,2,-0.007476367380383757,0.0001429799953494879,1
"0CMSCTF008",0,2024-11-12 00:00:00.000,102.52508848,0.19794019270849605,0.00015547745987887522,2,-0.005730424535762516,0.00015547745987887522,1
"0CMSCTF008",0,2024-11-11 00:00:00.000,103.11428733,0.20884334660604156,0.00017307755326036197,2,0.00692019250008068,0.00017307755326036197,1
"0CMSCTF008",0,2024-11-08 00:00:00.000,102.40317995,0.21941500234589242,0.0001910434256128888,2,-0.018588882671341594,0.0001910434256128888,1
"0CMSCTF008",0,2024-11-07 00:00:00.000,104.32454332,0.2062895758741777,0.00016887059172360366,2,-0.016707821323225184,0.00016887059172360366,1
"0CMSCTF008",0,2024-11-06 00:00:00.000,106.08222175,0.19638514308798916,0.00015304414454638877,2,-0.001594217108829684,0.00015304414454638877,1
"0CMSCTF008",0,2024-11-05 00:00:00.000,106.25147472,0.20978560772029992,0.0001746428619308554,2,0.0030355299060041414,0.0001746428619308554,1
"0CMSCTF008",0,2024-11-04 00:00:00.000,105.92943422,0.22359039489267324,0.00019838359003278397,2,0.03239841673786607,0.00019838359003278397,1
"0CMSCTF008",0,2024-11-01 00:00:00.000,102.55248751,0.13858799307539643,0.00007621679295502432,2,-0.008771192349240179,0.00007621679295502432,1
"0CMSCTF008",0,2024-10-31 00:00:00.000,103.45595154,0.13849440766332088,0.00007611389267465918,2,-0.002873071444765691,0.00007611389267465918,1
"0CMSCTF008",0,2024-10-30 00:00:00.000,103.75361528,0.1470877689110375,0.00008585242763185227,2,0.013190216206749221,0.00008585242763185227,1
"0CMSCTF008",0,2024-10-29 00:00:00.000,102.39406873,0.13582209819933194,0.00007320492999709908,2,0.005322810165649344,0.00007320492999709908,1
"0CMSCTF008",0,2024-10-28 00:00:00.000,101.8504925,0.14167020054615517,0.00007964462588407868,2,0.010331652181515934,0.00007964462588407868,1
"0CMSCTF008",0,2024-10-25 00:00:00.000,100.80362588,0.13816816115086317,0.00007575571728496386,2,-0.008662435871778418,0.00007575571728496386,1
"0CMSCTF008",0,2024-10-24 00:00:00.000,101.68062381,0.13826208506565954,0.00007585874669326854,2,0.008255136360438658,0.00007585874669326854,1
"0CMSCTF008",0,2024-10-23 00:00:00.000,100.84469151,0.13926696274818157,0.00007696542425834679,2,0.003023834786673375,0.00007696542425834679,1
"0CMSCTF008",0,2024-10-22 00:00:00.000,100.5402144,0.1478108295794958,0.00008669857674991566,2,0.0037975420786028028,0.00008669857674991566,1
"0CMSCTF008",0,2024-10-21 00:00:00.000,100.15913275,0.15640308163560576,0.00009707112676632524,2,0.001164579610804926,0.00009707112676632524,1
"0CMSCTF008",0,2024-10-18 00:00:00.000,100.04255736,0.16710302392702156,0.00011080722462521723,2,-0.011302568681562581,0.00011080722462521723,1
"0CMSCTF008",0,2024-10-17 00:00:00.000,101.1797095,0.16525967748936343,0.00010837603572971595,2,0.00019419138216404127,0.00010837603572971595,1
"0CMSCTF008",0,2024-10-16 00:00:00.000,101.16006318,0.17671666674835584,0.00012392373137559308,2,0.012139524646223079,0.00012392373137559308,1
"0CMSCTF008",0,2024-10-15 00:00:00.000,99.93945191,0.17430124512708484,0.00012055922243195284,2,-0.007131237138163679,0.00012055922243195284,1
"0CMSCTF008",0,2024-10-14 00:00:00.000,100.65469108,0.18138845185276137,0.0001305625812124664,2,0.012977170432359538,0.0001305625812124664,1
"0CMSCTF008",0,2024-10-11 00:00:00.000,99.35691693,0.177575734374117,0.00012513151364486886,2,-0.004322386309435772,0.00012513151364486886,1
"0CMSCTF008",0,2024-10-10 00:00:00.000,99.78730539,0.18810320434104344,0.00014040799794987438,2,-0.002577674287768152,0.00014040799794987438,1
"0CMSCTF008",0,2024-10-09 00:00:00.000,100.04485636,0.20055007128196795,0.00015960448845715248,2,-0.016334327581708226,0.00015960448845715248,1
"0CMSCTF008",0,2024-10-08 00:00:00.000,101.69244128,0.19063911012678253,0.00014421932662671237,2,-0.004685432930834816,0.00014421932662671237,1
"0CMSCTF008",0,2024-10-07 00:00:00.000,102.17003238,0.20190339503772706,0.0001617657973323828,2,-0.008875544905912428,0.0001617657973323828,1
"0CMSCTF008",0,2024-10-04 00:00:00.000,103.08088326,0.20920397845225402,0.0001736758119057586,2,0.0031873579854807283,0.0001736758119057586,1
"0CMSCTF008",0,2024-10-03 00:00:00.000,102.75285064,0.22288971787752512,0.00019714216799810613,2,-0.015676879857733077,0.00019714216799810613,1
"0CMSCTF008",0,2024-10-02 00:00:00.000,104.37638748,0.21890960170088541,0.00019016434014619164,2,-0.0009121123195133006,0.00019016434014619164,1
"0CMSCTF008",0,2024-10-01 00:00:00.000,104.4716339,0.23402682820471285,0.00021733554095062772,2,0.0020955414835536986,0.00021733554095062772,1
"0CMSCTF008",0,2024-09-30 00:00:00.000,104.25293848,0.2499392201749365,0.00024789529278434677,2,-0.011546966540834133,0.00024789529278434677,1
"0CMSCTF008",0,2024-09-27 00:00:00.000,105.46372065,0.2580944423422651,0.0002643362744760507,2,0.0132064047845223,0.0002643362744760507,1
"0CMSCTF008",0,2024-09-26 00:00:00.000,104.08008063,0.26431974267136643,0.00027724177129308486,2,0.008360602046966764,0.00027724177129308486,1
"0CMSCTF008",0,2024-09-25 00:00:00.000,103.21353596,0.27814274074905,0.0003069975564737826,2,-0.021688432307504193,0.0003069975564737826,1
"0CMSCTF008",0,2024-09-24 00:00:00.000,105.47652741,0.26730959582724995,0.0002835492857989195,2,0.023299473238209554,0.0002835492857989195,1
"0CMSCTF008",0,2024-09-23 00:00:00.000,103.0473886,0.24915123432027173,0.0002463346728702974,2,-0.004752377944520844,0.0002463346728702974,1
"0CMSCTF008",0,2024-09-20 00:00:00.000,103.53827425,0.2648927446480245,0.0002784451038379504,2,-0.027171977191016456,0.0002784451038379504,1
"0CMSCTF008",0,2024-09-19 00:00:00.000,106.39018443,0.2313808042297772,0.00021244871653181935,2,-0.026881080088857937,0.00021244871653181935,1
"0CMSCTF008",0,2024-09-18 00:00:00.000,109.28885262,0.18731764057579078,0.00013923769234476643,2,-0.01183035446783343,0.00013923769234476643,1
"0CMSCTF008",0,2024-09-17 00:00:00.000,110.58945662,0.18724816308002729,0.0001391344229239861,2,0.010551616923786778,0.0001391344229239861,1
"0CMSCTF008",0,2024-09-16 00:00:00.000,109.42869377,0.1899135930692931,0.0001431237017162264,2,-0.0111916571750028,0.0001431237017162264,1
"0CMSCTF008",0,2024-09-13 00:00:00.000,110.66026098,0.191607551781657,0.00014568830912603322,2,0.007902280788594758,0.00014568830912603322,1
"0CMSCTF008",0,2024-09-12 00:00:00.000,109.78923859,0.19930851125828442,0.00015763445499997496,2,-0.013072914815231861,0.00015763445499997496,1
"0CMSCTF008",0,2024-09-11 00:00:00.000,111.23392652,0.1981012337595992,0.0001557305508614102,2,0.01983252019128845,0.0001557305508614102,1
"0CMSCTF008",0,2024-09-10 00:00:00.000,109.04960928,0.1750755138268028,0.00012163268072110724,2,-0.004682495583125508,0.00012163268072110724,1
"0CMSCTF008",0,2024-09-09 00:00:00.000,109.56143096,0.18508728428296073,0.00013594167779064093,2,-0.014352097266966547,0.00013594167779064093,1
"0CMSCTF008",0,2024-09-06 00:00:00.000,111.14520533,0.1781131460848087,0.00012589005082630318,2,-0.020926647281801533,0.00012589005082630318,1
"0CMSCTF008",0,2024-09-05 00:00:00.000,113.4956091,0.14296737011908248,0.00008110979729669332,2,-0.003932268270618058,0.00008110979729669332,1
"0CMSCTF008",0,2024-09-04 00:00:00.000,113.94278291,0.1510422888281092,0.00009053084529537286,2,0.008027723527369955,0.00009053084529537286,1
"0CMSCTF008",0,2024-09-03 00:00:00.000,113.03174343,0.15413365165054832,0.00009427453401243085,2,-0.008222036569359695,0.00009427453401243085,1
"0CMSCTF008",0,2024-09-02 00:00:00.000,113.96492563,0.1572316443617582,0.00009810234122500958,2,0.0029992042393334286,0.00009810234122500958,1
"0CMSCTF008",0,2024-08-30 00:00:00.000,113.6236336,0.1671655437105516,0.00011089015477795371,2,-0.0007592380232744654,0.00011089015477795371,1
"0CMSCTF008",0,2024-08-29 00:00:00.000,113.70993374,0.17870024486742916,0.0001267213393479331,2,-0.01590690493272502,0.0001267213393479331,1
"0CMSCTF008",0,2024-08-28 00:00:00.000,115.53316942,0.16542636013933745,0.00010859476440059436,2,0.00006987865138375265,0.00010859476440059436,1
"0CMSCTF008",0,2024-08-27 00:00:00.000,115.5250964,0.17689826841454415,0.00012417856098438136,2,0.0042448395025554515,0.00012417856098438136,1
"0CMSCTF008",0,2024-08-26 00:00:00.000,115.03575024,0.1874359479722383,0.00013941362933433187,2,-0.006394133417356019,0.00013941362933433187,1
"0CMSCTF008",0,2024-08-23 00:00:00.000,115.77366081,0.19671169667405403,0.00015355353812851203,2,0.0142198151434659,0.00015355353812851203,1
"0CMSCTF008",0,2024-08-22 00:00:00.000,114.13903037,0.19218765551071348,0.00014657180528057415,2,-0.010981193869945574,0.00014657180528057415,1
"0CMSCTF008",0,2024-08-21 00:00:00.000,115.39932027,0.19461716396041243,0.00015030095439680182,2,-0.0012753156196674417,0.00015030095439680182,1
"0CMSCTF008",0,2024-08-20 00:00:00.000,115.54658471,0.20797260626620667,0.00017163732125856598,2,0.00004178263572811475,0.00017163732125856598,1
"0CMSCTF008",0,2024-08-19 00:00:00.000,115.54175697,0.22239547687824637,0.00019626884180913736,2,0.026981387637339566,0.00019626884180913736,1
"0CMSCTF008",0,2024-08-16 00:00:00.000,112.46596125,0.1738678791237555,0.00011996047377378118,2,-0.012515766093189478,0.00011996047377378118,1
"0CMSCTF008",0,2024-08-15 00:00:00.000,113.88240436,0.17000993334631329,0.00011469594220800747,2,-0.0039262041358640865,0.00011469594220800747,1
"0CMSCTF008",0,2024-08-14 00:00:00.000,114.33040883,0.18026046890598696,0.00012894379623097735,2,0.004721105862287761,0.00012894379623097735,1
"0CMSCTF008",0,2024-08-13 00:00:00.000,113.79191501,0.19065932300395996,0.00014424991050923945,2,0.004221504870587473,0.00014424991050923945,1
"0CMSCTF008",0,2024-08-12 00:00:00.000,113.31255441,0.20229491583063566,0.00016239378163065068,2,0.00003449200685185074,0.00016239378163065068,1
"0CMSCTF008",0,2024-08-09 00:00:00.000,113.3086461,0.2163240780440015,0.00018569883627613987,2,0.013609274078552724,0.00018569883627613987,1
"0CMSCTF008",0,2024-08-08 00:00:00.000,111.77704332,0.2163647399243011,0.00018576865350202563,2,0.01747516057611115,0.00018576865350202563,1
"0CMSCTF008",0,2024-08-07 00:00:00.000,109.84068986,0.20612605755247893,0.00016860298254812642,2,0.027001987306604757,0.00016860298254812642,1
"0CMSCTF008",0,2024-08-06 00:00:00.000,106.91445778,0.14905535806515327,0.00008816468161877403,2,-0.006454474763307322,0.00008816468161877403,1
"0CMSCTF008",0,2024-08-05 00:00:00.000,107.60676629,0.1545940399328283,0.00009483856024901949,2,-0.003967012484496299,0.00009483856024901949,1
"0CMSCTF008",0,2024-08-02 00:00:00.000,108.03449151,0.16358481546486944,0.00010619044385188648,2,-0.000139181694140836,0.00010619044385188648,1
"0CMSCTF008",0,2024-08-01 00:00:00.000,108.04952898,0.1749275083253789,0.00012142711574970439,2,-0.002155533717697793,0.00012142711574970439,1
"0CMSCTF008",0,2024-07-31 00:00:00.000,108.28268458,0.18660914067624165,0.00013818639438065617,2,0.01085267628337347,0.00013818639438065617,1
"0CMSCTF008",0,2024-07-30 00:00:00.000,107.11388145,0.18857608741538442,0.00014111484422577264,2,0.0047403392720424065,0.00014111484422577264,1
"0CMSCTF008",0,2024-07-29 00:00:00.000,106.60732688,0.19962881136505586,0.00015814151717073434,2,-0.006351191955000292,0.00015814151717073434,1
"0CMSCTF008",0,2024-07-26 00:00:00.000,107.28656518,0.21002856988844604,0.00017504761971978518,2,0.0030470031403339744,0.00017504761971978518,1
"0CMSCTF008",0,2024-07-25 00:00:00.000,106.96016021,0.22384543279225919,0.000198836419769658,2,-0.009902974151189587,0.000198836419769658,1
"0CMSCTF008",0,2024-07-24 00:00:00.000,108.024646,0.23184262234779096,0.0002132976251472239,2,-0.020056748062738137,0.0002132976251472239,1
"0CMSCTF008",0,2024-07-23 00:00:00.000,110.21314281,0.2166027819471313,0.00018617763947316077,2,-0.017782025762353177,0.00018617763947316077,1
"0CMSCTF008",0,2024-07-22 00:00:00.000,112.19048422,0.20546175811594855,0.00016751799225435136,2,0.009935181632287527,0.00016751799225435136,1
"0CMSCTF008",0,2024-07-19 00:00:00.000,111.08137013,0.211430911655685,0.00017739297779188125,2,-0.004656279841136487,0.00017739297779188125,1
"0CMSCTF008",0,2024-07-18 00:00:00.000,111.59980212,0.22435307909048374,0.00019973930197373355,2,-0.02744695818442917,0.00019973930197373355,1
"0CMSCTF008",0,2024-07-17 00:00:00.000,114.70530051,0.174108248712786,0.00012029238995965611,2,-0.0019349319023630829,0.00012029238995965611,1
"0CMSCTF008",0,2024-07-16 00:00:00.000,114.92746232,0.18581877516421097,0.0001370183222362206,2,0.0001651330021899054,0.0001370183222362206,1
"0CMSCTF008",0,2024-07-15 00:00:00.000,114.90848557,0.1987029260649994,0.0001566779874079072,2,0.014868713278406873,0.0001566779874079072,1
"0CMSCTF008",0,2024-07-12 00:00:00.000,113.21258343,0.19275327484436186,0.00014743581334613533,2,-0.0034614639417995478,0.00014743581334613533,1
"0CMSCTF008",0,2024-07-11 00:00:00.000,113.60514373,0.20506700487016355,0.0001668749066921416,2,0.010350681435382014,0.0001668749066921416,1
"0CMSCTF008",0,2024-07-10 00:00:00.000,112.43531777,0.2102686190173897,0.0001754479846963499,2,-0.007344846852907037,0.0001754479846963499,1
"0CMSCTF008",0,2024-07-09 00:00:00.000,113.26417816,0.22046982274729487,0.00019288469342152231,2,-0.0034959650499963436,0.00019288469342152231,1
"0CMSCTF008",0,2024-07-08 00:00:00.000,113.66083872,0.234820265056535,0.00021881173365564027,2,-0.00004499821559824868,0.00021881173365564027,1
"0CMSCTF008",0,2024-07-05 00:00:00.000,113.66595337,0.25110503143859864,0.0002502132413245222,2,0.004286127709150628,0.0002502132413245222,1
"0CMSCTF008",0,2024-07-04 00:00:00.000,113.17980916,0.26727932556934125,0.00028348507093969014,2,0.01999053566249522,0.00028348507093969014,1
"0CMSCTF008",0,2024-07-03 00:00:00.000,110.93974875,0.25930330152832526,0.00026681826263289513,2,0.018318042033488087,0.00026681826263289513,1
"0CMSCTF008",0,2024-07-02 00:00:00.000,108.92604959,0.25446516044360923,0.0002569544360301261,2,0.004394357405938026,0.0002569544360301261,1
"0CMSCTF008",0,2024-07-01 00:00:00.000,108.44843976,0.27082620956543185,0.0002910588721729334,2,-0.0005475416763994852,0.0002910588721729334,1
"0CMSCTF008",0,2024-06-28 00:00:00.000,108.50783606,0.2895894340480667,0.0003327858742550776,2,-0.009611252727077867,0.0003327858742550776,1
"0CMSCTF008",0,2024-06-27 00:00:00.000,109.55576016,0.3042307948421569,0.00036728720845353405,2,0.048663547310098844,0.00036728720845353405,1
"0CMSCTF008",0,2024-06-26 00:00:00.000,104.35203109,0.1421132446335204,0.00008014354881058261,2,-0.0024235398338185404,0.00008014354881058261,1
"0CMSCTF008",0,2024-06-25 00:00:00.000,104.6052391,0.1512683844518959,0.00009080207989954991,2,-0.0019863311293677258,0.00009080207989954991,1
"0CMSCTF008",0,2024-06-24 00:00:00.000,104.81322624,0.1613172739807222,0.00010326691620861665,2,0.014503150465025393,0.00010326691620861665,1
"0CMSCTF008",0,2024-06-21 00:00:00.000,103.30407443,0.14883195541874633,0.0000879005990228877,2,0.00020730256456660015,0.0000879005990228877,1
"0CMSCTF008",0,2024-06-20 00:00:00.000,103.28266145,0.15914864926729097,0.00010050909747461586,2,-0.0030261264164412856,0.00010050909747461586,1
"0CMSCTF008",0,2024-06-19 00:00:00.000,103.59568122,0.16920991301280544,0.00011361902643571897,2,0.0040853682023469515,0.00011361902643571897,1
"0CMSCTF008",0,2024-06-18 00:00:00.000,103.17331806,0.17926904931793078,0.0001275293335053758,2,0.003414925694545482,0.0001275293335053758,1
"0CMSCTF008",0,2024-06-17 00:00:00.000,102.82158975,0.1905982833636786,0.00014415756198881395,2,-0.014999568483259477,0.00014415756198881395,1
"0CMSCTF008",0,2024-06-14 00:00:00.000,104.37549404,0.18276907302236242,0.00013255767481529227,2,0.005703892261516739,0.00013255767481529227,1
"0CMSCTF008",0,2024-06-13 00:00:00.000,103.78184214,0.19241060990578396,0.00014691207462030068,2,-0.005714197788377462,0.00014691207462030068,1
"0CMSCTF008",0,2024-06-12 00:00:00.000,104.37656969,0.20286453151598322,0.00016330959582221965,2,-0.020088220690386197,0.00016330959582221965,1
"0CMSCTF008",0,2024-06-11 00:00:00.000,106.49451087,0.18018404066827456,0.00012883447822042233,2,0.016491820339927545,0.00012883447822042233,1
"0CMSCTF008",0,2024-06-10 00:00:00.000,104.75262544,0.16519525901195195,0.00010829156190486466,2,-0.0029433148035013543,0.00010829156190486466,1
"0CMSCTF008",0,2024-06-07 00:00:00.000,105.06139958,0.17576263404915382,0.00012258929971387607,2,-0.0093540746662628,0.00012258929971387607,1
"0CMSCTF008",0,2024-06-06 00:00:00.000,106.04876249,0.17933639581636912,0.0001276251700968469,2,0.014023789976511152,0.0001276251700968469,1
"0CMSCTF008",0,2024-06-05 00:00:00.000,104.57193647,0.17223437392019056,0.00011771698237968259,2,-0.012487078012432307,0.00011771698237968259,1
"0CMSCTF008",0,2024-06-04 00:00:00.000,105.88592124,0.16817497676855916,0.00011223342385359292,2,-0.015805115528083596,0.00011223342385359292,1
"0CMSCTF008",0,2024-06-03 00:00:00.000,107.57275565,0.15266863775728778,0.0000924909244232776,2,0.00439338328045145,0.0000924909244232776,1
"0CMSCTF008",0,2024-05-31 00:00:00.000,107.10118396,0.1611042288621336,0.00010299433554469333,2,-0.006465568963868166,0.00010299433554469333,1
"0CMSCTF008",0,2024-05-29 00:00:00.000,107.79589749,0.16783180774619808,0.0001117758559180825,2,-0.01085088491461901,0.0001117758559180825,1
"0CMSCTF008",0,2024-05-28 00:00:00.000,108.97194742,0.1671878070061183,0.00011091969369648833,2,-0.007609400875615605,0.00011091969369648833,1
"0CMSCTF008",0,2024-05-27 00:00:00.000,109.80432157,0.17282677590153206,0.00011852815265285074,2,0.005708442260209676,0.00011852815265285074,1
"0CMSCTF008",0,2024-05-24 00:00:00.000,109.1792956,0.18159612427755403,0.0001308617156850351,2,-0.01141958943729167,0.0001308617156850351,1
"0CMSCTF008",0,2024-05-23 00:00:00.000,110.43322438,0.18164139441362429,0.0001309269689068485,2,-0.004421520010096127,0.0001309269689068485,1
"0CMSCTF008",0,2024-05-22 00:00:00.000,110.92258816,0.1924097523705977,0.00014691076510839178,2,-0.017336589282617946,0.00014691076510839178,1
"0CMSCTF008",0,2024-05-21 00:00:00.000,112.86237356,0.17738358507261626,0.00012486085814767496,2,-0.004930171550582133,0.00012486085814767496,1
"0CMSCTF008",0,2024-05-20 00:00:00.000,113.42017833,0.18735380346498548,0.00013929145901903336,2,-0.006651243366269634,0.00013929145901903336,1
"0CMSCTF008",0,2024-05-17 00:00:00.000,114.17707791,0.19631349081160787,0.00015293248680412402,2,0.011325554043839272,0.00015293248680412402,1
"0CMSCTF008",0,2024-05-16 00:00:00.000,112.89125432,0.19857231247859247,0.00015647207652022131,2,0.010950907664012808,0.00015647207652022131,1
"0CMSCTF008",0,2024-05-15 00:00:00.000,111.66173707,0.20187315542433001,0.0001617173447657766,2,0.002534817607269352,0.0001617173447657766,1
"0CMSCTF008",0,2024-05-14 00:00:00.000,111.37905336,0.2153342883226237,0.00018400339574369375,2,-0.008003622125554468,0.00018400339574369375,1
"0CMSCTF008",0,2024-05-13 00:00:00.000,112.27406611,0.22518135365590317,0.000201216833469464,2,-0.011897748338169,0.000201216833469464,1
"0CMSCTF008",0,2024-05-10 00:00:00.000,113.61785286,0.2299222501074586,0.00020977873450189183,2,-0.025639516957967973,0.00020977873450189183,1
"0CMSCTF008",0,2024-05-09 00:00:00.000,116.56862628,0.19151166118678808,0.0001455425252798536,2,-0.013940183663609555,0.0001455425252798536,1
"0CMSCTF008",0,2024-05-08 00:00:00.000,118.20499347,0.18684854812259244,0.0001385411902203204,2,0.003713719307123932,0.0001385411902203204,1
"0CMSCTF008",0,2024-05-07 00:00:00.000,117.76682742,0.19855453437879628,0.0001564440600094468,2,-0.006143913400925431,0.0001564440600094468,1
"0CMSCTF008",0,2024-05-06 00:00:00.000,118.49260388,0.20908495473839933,0.00017347824721412105,2,-0.011886357348454307,0.00017347824721412105,1
"0CMSCTF008",0,2024-05-03 00:00:00.000,119.90945322,0.21185079314971345,0.00017809824824667727,2,0.014324943847124592,0.00017809824824667727,1
"0CMSCTF008",0,2024-05-02 00:00:00.000,118.20400145,0.20952443181056674,0.00017420828383151121,2,0.008841918421839802,0.00017420828383151121,1
"0CMSCTF008",0,2024-04-30 00:00:00.000,117.16345829,0.21765416513418176,0.00018798942698514947,2,-0.025838022860126958,0.00018798942698514947,1
"0CMSCTF008",0,2024-04-29 00:00:00.000,120.23017879,0.17328662894244967,0.000119159745119993,2,0.003411431393441664,0.000119159745119993,1
"0CMSCTF008",0,2024-04-26 00:00:00.000,119.8207206,0.1841650038195654,0.00013459027234865293,2,0.017300056394921565,0.00013459027234865293,1
"0CMSCTF008",0,2024-04-25 00:00:00.000,117.76564311,0.16721353863446403,0.00011095383929626745,2,-0.00546701758788353,0.00011095383929626745,1
"0CMSCTF008",0,2024-04-24 00:00:00.000,118.41123307,0.17576141866978998,0.00012258760433657615,2,-0.009841412650533631,0.00012258760433657615,1
"0CMSCTF008",0,2024-04-23 00:00:00.000,119.58232,0.1783893076341066,0.00012628073443720606,2,0.007922862369790808,0.00012628073443720606,1
"0CMSCTF008",0,2024-04-22 00:00:00.000,118.63862904,0.18471471605063663,0.0001353949457367751,2,0.001418315626535196,0.0001353949457367751,1
"0CMSCTF008",0,2024-04-19 00:00:00.000,118.47048129,0.19734054250366276,0.0001545368639509521,2,0.005660913375229411,0.0001545368639509521,1
"0CMSCTF008",0,2024-04-18 00:00:00.000,117.80172483,0.20826217371669292,0.00017211560714762693,2,-0.0017813887399220725,0.00017211560714762693,1
"0CMSCTF008",0,2024-04-17 00:00:00.000,118.01176252,0.22244746205344654,0.00019636060862706164,2,-0.013188011896939696,0.00019636060862706164,1
"0CMSCTF008",0,2024-04-16 00:00:00.000,119.57841083,0.2242639030166538,0.00019958054839786947,2,-0.01614862987533616,0.00019958054839786947,1
"0CMSCTF008",0,2024-04-15 00:00:00.000,121.52511432,0.21927403836508588,0.00019079803135290936,2,-0.022288205035199914,0.00019079803135290936,1
"0CMSCTF008",0,2024-04-12 00:00:00.000,124.26410115,0.19239528049482305,0.0001468886664947684,2,-0.02348389134149043,0.0001468886664947684,1
"0CMSCTF008",0,2024-04-11 00:00:00.000,127.21684101,0.1496113566870045,0.00008882364305446862,2,-0.00324702669158145,0.00008882364305446862,1
"0CMSCTF008",0,2024-04-10 00:00:00.000,127.63058885,0.15879088364453975,0.00010005771717703875,2,-0.016863854774610398,0.00010005771717703875,1
"0CMSCTF008",0,2024-04-09 00:00:00.000,129.80118342,0.13619193778814848,0.00007360414253369407,2,0.007529041210750441,0.00007360414253369407,1
"0CMSCTF008",0,2024-04-08 00:00:00.000,128.82757473,0.1384198908848678,0.00007603200870070917,2,0.013368131087809024,0.00007603200870070917,1
"0CMSCTF008",0,2024-04-05 00:00:00.000,127.11685089,0.12428540562054653,0.00006129707162803086,2,-0.009068189756325031,0.00006129707162803086,1
"0CMSCTF008",0,2024-04-04 00:00:00.000,128.27481299,0.12120129950095404,0.000058292678574285565,2,-0.00014741129438559922,0.000058292678574285565,1
"0CMSCTF008",0,2024-04-03 00:00:00.000,128.29372354,0.1296036433221752,0.00006665517604119686,2,0.002405634248977886,0.00006665517604119686,1
"0CMSCTF008",0,2024-04-02 00:00:00.000,127.98546669,0.1378346068168066,0.00007539039220771297,2,0.004461670248853502,0.00007539039220771297,1
"0CMSCTF008",0,2024-04-01 00:00:00.000,127.41570972,0.14493079448131166,0.00008335291741660395,2,-0.0064226992848818755,0.00008335291741660395,1
"0CMSCTF008",0,2024-03-28 00:00:00.000,128.23669616,0.1500917538028301,0.00008939497841114826,2,0.004453178770027011,0.00008939497841114826,1
"0CMSCTF008",0,2024-03-27 00:00:00.000,127.66690486,0.15825074964236202,0.00009937817366019661,2,0.014572236853142552,0.00009937817366019661,1
"0CMSCTF008",0,2024-03-26 00:00:00.000,125.82000192,0.14476777371498564,0.0000831655091523543,2,0.0029966561668957987,0.0000831655091523543,1
"0CMSCTF008",0,2024-03-25 00:00:00.000,125.443527,0.15375501391991203,0.00009381192184727121,2,-0.0010539511008096501,0.00009381192184727121,1
"0CMSCTF008",0,2024-03-22 00:00:00.000,125.57580804,0.16429579697420127,0.00010711551152138082,2,-0.010638222419657114,0.00010711551152138082,1
"0CMSCTF008",0,2024-03-21 00:00:00.000,126.9188425,0.16362788917282506,0.00010624637347283461,2,-0.006531488543125784,0.00010624637347283461,1
"0CMSCTF008",0,2024-03-20 00:00:00.000,127.75052457,0.17050998109792245,0.00011537164148418205,2,0.020090173583815707,0.00011537164148418205,1
"0CMSCTF008",0,2024-03-19 00:00:00.000,125.20960359,0.13656290237515842,0.00007400565994098037,2,0.00797864177422122,0.00007400565994098037,1
"0CMSCTF008",0,2024-03-18 00:00:00.000,124.21457578,0.13792613879291035,0.00007549055461238558,2,0.004380915177119969,0.00007549055461238558,1
"0CMSCTF008",0,2024-03-15 00:00:00.000,123.67159251,0.14511934071691285,0.00008356993273853747,2,-0.008051065057328636,0.00008356993273853747,1
"0CMSCTF008",0,2024-03-14 00:00:00.000,124.6712995,0.14743717579358553,0.00008626079684916129,2,0.003891402417777184,0.00008626079684916129,1
"0CMSCTF008",0,2024-03-13 00:00:00.000,124.18709603,0.15591559152215478,0.00009646695110993423,2,0.010808863888096704,0.00009646695110993423,1
"0CMSCTF008",0,2024-03-12 00:00:00.000,122.85200303,0.15353564142037415,0.00009354441740621315,2,0.010868888255562764,0.00009354441740621315,1
"0CMSCTF008",0,2024-03-11 00:00:00.000,121.52396854,0.15061196837067437,0.00009001573419241673,2,-0.004145906206996208,0.00009001573419241673,1
"0CMSCTF008",0,2024-03-08 00:00:00.000,122.02884137,0.15911548069798814,0.00010046720713393587,2,0.00893557114448291,0.00010046720713393587,1
"0CMSCTF008",0,2024-03-07 00:00:00.000,120.94330116,0.16144210099683023,0.00010342679354869337,2,0.003185392863327958,0.00010342679354869337,1
"0CMSCTF008",0,2024-03-06 00:00:00.000,120.55866217,0.17157212581271197,0.00011681346966624232,2,-0.0016061402925649174,0.00011681346966624232,1
"0CMSCTF008",0,2024-03-05 00:00:00.000,120.75245188,0.18321632271853833,0.00013320722583533168,2,0.001978068751674022,0.00013320722583533168,1
"0CMSCTF008",0,2024-03-04 00:00:00.000,120.51383131,0.19556101903647827,0.00015176234986740404,2,-0.009547259667601888,0.00015176234986740404,1
"0CMSCTF008",0,2024-03-01 00:00:00.000,121.6699181,0.20108737275325164,0.00016046083920954432,2,0.0011037251816265205,0.00016046083920954432,1
"0CMSCTF008",0,2024-02-29 00:00:00.000,121.53570203,0.21493042578788,0.0001833138409895214,2,-0.008362518848345634,0.0001833138409895214,1
"0CMSCTF008",0,2024-02-28 00:00:00.000,122.5563081,0.2242666144512031,0.00019958537443414516,2,-0.01043399326664787,0.00019958537443414516,1
"0CMSCTF008",0,2024-02-27 00:00:00.000,123.8417543,0.2314654835345575,0.00021260424630113698,2,0.019945916933783076,0.00021260424630113698,1
"0CMSCTF008",0,2024-02-26 00:00:00.000,121.39608856,0.21651165182054885,0.0001860210133891372,2,-0.0011216563734104475,0.0001860210133891372,1
"0CMSCTF008",0,2024-02-23 00:00:00.000,121.53232965,0.23142857184669352,0.0002125364439166674,2,-0.020871835040273387,0.0002125364439166674,1
"0CMSCTF008",0,2024-02-22 00:00:00.000,124.0955893,0.21328608376718272,0.00018051965686008604,2,0.012884305954226358,0.00018051965686008604,1
"0CMSCTF008",0,2024-02-21 00:00:00.000,122.50695993,0.21451307406799375,0.00018260261486547844,2,0.011661930168639827,0.00018260261486547844,1
"0CMSCTF008",0,2024-02-20 00:00:00.000,121.08659054,0.21840605457405912,0.00018929049474050355,2,0.028912088551379132,0.00018929049474050355,1
"0CMSCTF008",0,2024-02-19 00:00:00.000,117.63584876,0.15593738363407886,0.00009649391910572176,2,-0.002606331470043051,0.00009649391910572176,1
"0CMSCTF008",0,2024-02-16 00:00:00.000,117.94284667,0.16601347132943642,0.00010936695501130795,2,0.01016624071286672,0.00010936695501130795,1
"0CMSCTF008",0,2024-02-15 00:00:00.000,116.74988554,0.16666728898161914,0.00011023010006540692,2,0.007216680088820319,0.00011023010006540692,1
"0CMSCTF008",0,2024-02-14 00:00:00.000,115.91037186,0.1728610629485079,0.00011857518684003176,2,-0.011417121943375368,0.00011857518684003176,1
"0CMSCTF008",0,2024-02-09 00:00:00.000,117.24131804,0.1716248541101967,0.00011688527995375517,2,-0.005830401829266126,0.00011688527995375517,1
"0CMSCTF008",0,2024-02-08 00:00:00.000,117.92687864,0.1801467206286309,0.00012878111489384917,2,-0.016044849061343614,0.00012878111489384917,1
"0CMSCTF008",0,2024-02-07 00:00:00.000,119.8342585,0.16673343198196078,0.00011031760849398073,2,0.0074830897720353905,0.00011031760849398073,1
"0CMSCTF008",0,2024-02-06 00:00:00.000,118.94087479,0.1725240193911636,0.00011811324312254999,2,0.023726057498975876,0.00011811324312254999,1
"0CMSCTF008",0,2024-02-05 00:00:00.000,116.152091,0.11695315201467787,0.00005427793558003314,2,0.001035209139591224,0.00005427793558003314,1
"0CMSCTF008",0,2024-02-02 00:00:00.000,116.03191151,0.12490887478450695,0.00006191359920607792,2,-0.003927315722785721,0.00006191359920607792,1
"0CMSCTF008",0,2024-02-01 00:00:00.000,116.48850146,0.131466781814645,0.00006858537587579155,2,-0.004098801873350255,0.00006858537587579155,1
"0CMSCTF008",0,2024-01-31 00:00:00.000,116.9669446,0.13840631894691352,0.00007601709970013792,2,0.0015466957492900016,0.00007601709970013792,1
"0CMSCTF008",0,2024-01-30 00:00:00.000,116.78617216,0.14771231007075947,0.00008658304185095312,2,-0.0039449085829673484,0.00008658304185095312,1
"0CMSCTF008",0,2024-01-29 00:00:00.000,117.24779286,0.15616455355126382,0.00009677526899152995,2,-0.008567430192359128,0.00009677526899152995,1
"0CMSCTF008",0,2024-01-26 00:00:00.000,118.2566205,0.15884802631822334,0.00010012974390950387,2,-0.002370853057263535,0.00010012974390950387,1
"0CMSCTF008",0,2024-01-25 00:00:00.000,118.53732219,0.16926480613226155,0.00011369275632933368,2,0.005703064893830364,0.00011369275632933368,1
"0CMSCTF008",0,2024-01-24 00:00:00.000,117.8632202,0.1777244529930493,0.00012534119520507376,2,-0.004428546436917911,0.00012534119520507376,1
"0CMSCTF008",0,2024-01-23 00:00:00.000,118.38634042,0.18817449699904581,0.0001405144496858885,2,0.0040148188027199555,0.0001405144496858885,1
"0CMSCTF008",0,2024-01-22 00:00:00.000,117.91199356,0.1997707923309471,0.0001583665455100571,2,-0.023490326778031482,0.0001583665455100571,1
"0CMSCTF008",0,2024-01-19 00:00:00.000,120.7145727,0.16025025632793358,0.0001019053359252715,2,0.00807071901634219,0.0001019053359252715,1
"0CMSCTF008",0,2024-01-18 00:00:00.000,119.74424021,0.1643468195899113,0.00010718205202110656,2,-0.00459589509640605,0.00010718205202110656,1
"0CMSCTF008",0,2024-01-17 00:00:00.000,120.29583875,0.17355748615826705,0.00011953254365705182,2,-0.011314905118366891,0.00011953254365705182,1
"0CMSCTF008",0,2024-01-16 00:00:00.000,121.66470444,0.17267020302924557,0.00011831348815143208,2,-0.015867641241018828,0.00011831348815143208,1
"0CMSCTF008",0,2024-01-15 00:00:00.000,123.61063415,0.1580764167452028,0.0000991593394087422,2,0.0031514164886924417,0.0000991593394087422,1
"0CMSCTF008",0,2024-01-12 00:00:00.000,123.22169873,0.1679733644924425,0.00011196448880520214,2,0.010437210689445817,0.00011196448880520214,1
"0CMSCTF008",0,2024-01-11 00:00:00.000,121.94229621,0.1682991335589616,0.00011239919982816346,2,0.005238821062797115,0.00011239919982816346,1
"0CMSCTF008",0,2024-01-10 00:00:00.000,121.30513279,0.17719178783773543,0.000124590990782274,2,-0.009747861406229996,0.000124590990782274,1
"0CMSCTF008",0,2024-01-09 00:00:00.000,122.49338044,0.18018414376431388,0.00012883462565110686,2,-0.002687171232002822,0.00012883462565110686,1
"0CMSCTF008",0,2024-01-08 00:00:00.000,122.82298378,0.19200116084223495,0.00014628748319351498,2,0.020403780561540893,0.00014628748319351498,1
"0CMSCTF008",0,2024-01-05 00:00:00.000,120.34232405,0.1646177926462952,0.00010753578434816921,2,0.007400994870524236,0.00010753578434816921,1
"0CMSCTF008",0,2024-01-04 00:00:00.000,119.45495887,0.17031471961358338,0.00011510755443275208,2,-0.01072302579297527,0.00011510755443275208,1
"0CMSCTF008",0,2024-01-03 00:00:00.000,120.74276975,0.17032791310394976,0.00011512538881883598,2,-0.001179232805747218,0.00011512538881883598,1
"0CMSCTF008",0,2024-01-02 00:00:00.000,120.88523757,0.18200213993139264,0.00013144753547462789,2,-0.02559088463943183,0.00013144753547462789,1
"0CMSCTF008",0,2023-12-29 00:00:00.000,124.01872104,0.1191408207743334,0.00005632752053484853,2,0.00005144637894757996,0.00005632752053484853,1
"0CMSCTF008",0,2023-12-28 00:00:00.000,124.01234089,0.12740292538466894,0.00006441073570068065,2,0.0009479651997171732,0.00006441073570068065,1
"0CMSCTF008",0,2023-12-27 00:00:00.000,123.89483721,0.13611906246324165,0.00007352539351536462,2,0.0035862861758988603,0.00007352539351536462,1
"0CMSCTF008",0,2023-12-26 00:00:00.000,123.45131065,0.14395238950912168,0.00008223131129121383,2,0.0035570713846147803,0.00008223131129121383,1
"0CMSCTF008",0,2023-12-22 00:00:00.000,123.0129656,0.1524420401164675,0.00009221656982091541,2,0.004913096631383699,0.00009221656982091541,1
"0CMSCTF008",0,2023-12-21 00:00:00.000,122.41007326,0.160314052877541,0.0001019864902778691,2,0.0005458682631217926,0.0001019864902778691,1
"0CMSCTF008",0,2023-12-20 00:00:00.000,122.34327172,0.17140048656662682,0.00011657986823522389,2,0.0008660406543921113,0.00011657986823522389,1
"0CMSCTF008",0,2023-12-19 00:00:00.000,122.23736334,0.18321319352683835,0.00013320267572342352,2,0.005272962878763656,0.00013320267572342352,1
"0CMSCTF008",0,2023-12-18 00:00:00.000,121.59450663,0.19333591793308735,0.00014832848080567257,2,0.0076273061108666764,0.00014832848080567257,1
"0CMSCTF008",0,2023-12-15 00:00:00.000,120.67059606,0.20159146500858838,0.00016126634430281317,2,-0.011759902108676055,0.00016126634430281317,1
"0CMSCTF008",0,2023-12-14 00:00:00.000,122.09804735,0.20364149622517722,0.0001645629324794796,2,0.01289254218675256,0.0001645629324794796,1
"0CMSCTF008",0,2023-12-13 00:00:00.000,120.53399708,0.20349451318108508,0.00016432546386828097,2,0.029640798642792905,0.00016432546386828097,1
"0CMSCTF008",0,2023-12-12 00:00:00.000,117.01370304,0.12481727047897093,0.00006182282146754201,2,0.0036082373812205215,0.00006182282146754201,1
"0CMSCTF008",0,2023-12-11 00:00:00.000,116.59225063,0.1316978027736027,0.0000688266319658522,2,-0.0023888843463987504,0.0000688266319658522,1
"0CMSCTF008",0,2023-12-08 00:00:00.000,116.87110898,0.14009646679477963,0.0000778850000332571,2,0.002989234339763691,0.0000778850000332571,1
"0CMSCTF008",0,2023-12-07 00:00:00.000,116.52227548,0.1487298047524138,0.00008777997945115527,2,0.0020366989104120188,0.00008777997945115527,1
"0CMSCTF008",0,2023-12-06 00:00:00.000,116.2851962,0.15857197808523577,0.00009978203267406545,2,-0.005309830870924417,0.00009978203267406545,1
"0CMSCTF008",0,2023-12-05 00:00:00.000,116.90429312,0.1665353370949933,0.00011005562897358353,2,0.0037717952835982687,0.00011005562897358353,1
"0CMSCTF008",0,2023-12-04 00:00:00.000,116.46418458,0.1766342239776151,0.00012380813127053295,2,-0.019613663940861444,0.00012380813127053295,1
"0CMSCTF008",0,2023-12-01 00:00:00.000,118.77102278,0.1475287542298935,0.00008636798938342985,2,0.005171156494875986,0.00008636798938342985,1
"0CMSCTF008",0,2023-11-30 00:00:00.000,118.15842452,0.15466456780130128,0.00009492511322683858,2,-0.00275761456587358,0.00009492511322683858,1
"0CMSCTF008",0,2023-11-29 00:00:00.000,118.48470959,0.164557137622777,0.00010745655374048239,2,-0.007026669875029263,0.00010745655374048239,1
"0CMSCTF008",0,2023-11-28 00:00:00.000,119.32019443,0.17082032792802715,0.00011579200171999497,2,0.00325078654176016,0.00011579200171999497,1
"0CMSCTF008",0,2023-11-27 00:00:00.000,118.93293973,0.1816177008204587,0.00013089281448932396,2,0.0030076819301605605,0.00013089281448932396,1
"0CMSCTF008",0,2023-11-24 00:00:00.000,118.57576468,0.19336890416049862,0.0001483790995882226,2,-0.010267646986582722,0.0001483790995882226,1
"0CMSCTF008",0,2023-11-23 00:00:00.000,119.79953062,0.19734479755912374,0.00015454352826845845,2,0.011039897274757106,0.00015454352826845845,1
"0CMSCTF008",0,2023-11-22 00:00:00.000,118.48422986,0.2003153984649484,0.00015923118596099622,2,0.0072839759439870064,0.00015923118596099622,1
"0CMSCTF008",0,2023-11-21 00:00:00.000,117.62432913,0.20968080002494854,0.0001744684043615177,2,-0.007417552310525925,0.0001744684043615177,1
"0CMSCTF008",0,2023-11-20 00:00:00.000,118.50005761,0.2197404071046217,0.00019161050204168605,2,0.002513960604507197,0.00019161050204168605,1
"0CMSCTF008",0,2023-11-17 00:00:00.000,118.20252728,0.23449267711518404,0.00021820164928827758,2,-0.0025362471807676623,0.00021820164928827758,1
"0CMSCTF008",0,2023-11-16 00:00:00.000,118.5026986,0.250290579673218,0.00024859275505220425,2,0.01958869696549671,0.00024859275505220425,1
"0CMSCTF008",0,2023-11-14 00:00:00.000,116.20397317,0.24033029227605618,0.00022920098962497852,2,0.014517542813736888,0.00022920098962497852,1
"0CMSCTF008",0,2023-11-13 00:00:00.000,114.52916349,0.24171387214470091,0.00023184760312374927,2,-0.007657584762805255,0.00023184760312374927,1
"0CMSCTF008",0,2023-11-10 00:00:00.000,115.40954677,0.25434158427525444,0.0002567049265541522,2,0.00761414873475443,0.0002567049265541522,1
"0CMSCTF008",0,2023-11-09 00:00:00.000,114.53413829,0.26809817861665847,0.0002852247356252766,2,-0.02260307486887994,0.0002852247356252766,1
"0CMSCTF008",0,2023-11-08 00:00:00.000,117.15244137,0.25241869844233866,0.00025283809255287424,2,0.002324600528780615,0.00025283809255287424,1
"0CMSCTF008",0,2023-11-07 00:00:00.000,116.88042503,0.26956182764539793,0.00028834753541082234,2,0.018783982632198406,0.00028834753541082234,1
"0CMSCTF008",0,2023-11-06 00:00:00.000,114.70543658,0.2652004953137977,0.0002790924710900144,2,-0.002303459059526257,0.0002790924710900144,1
"0CMSCTF008",0,2023-11-03 00:00:00.000,114.9699604,0.2832537760171828,0.0003183837366190174,2,0.03280471500070553,0.0003183837366190174,1
"0CMSCTF008",0,2023-11-01 00:00:00.000,111.25959509,0.22984421361660531,0.00020963635925807814,2,0.019197416377177316,0.00020963635925807814,1
"0CMSCTF008",0,2023-10-31 00:00:00.000,109.1440696,0.21698303330923704,0.00018683189184157727,2,0.008374291537264848,0.00018683189184157727,1
"0CMSCTF008",0,2023-10-30 00:00:00.000,108.23388175,0.22649981571250505,0.00020358002586428074,2,-0.014589406830801992,0.00020358002586428074,1
"0CMSCTF008",0,2023-10-27 00:00:00.000,109.82452494,0.2257584823946227,0.00020224957290921892,2,-0.01693760404048399,0.00020224957290921892,1
"0CMSCTF008",0,2023-10-26 00:00:00.000,111.70053194,0.218874789277573,0.00019010386262421425,2,0.0312789675624838,0.00019010386262421425,1
"0CMSCTF008",0,2023-10-25 00:00:00.000,108.26073177,0.13927905200823165,0.0000769787870171099,2,-0.012241062673025244,0.0000769787870171099,1
"0CMSCTF008",0,2023-10-24 00:00:00.000,109.59410246,0.12947402126569843,0.00006652191342345448,2,-0.0031301003980309726,0.00006652191342345448,1
"0CMSCTF008",0,2023-10-23 00:00:00.000,109.93768044,0.13716756391512752,0.0000746624626603595,2,0.008581257738278641,0.0000746624626603595,1
"0CMSCTF008",0,2023-10-20 00:00:00.000,108.99831311,0.1373025509780843,0.00007480948613130731,2,0.0007900146596174585,0.00007480948613130731,1
"0CMSCTF008",0,2023-10-19 00:00:00.000,108.91223685,0.14674767236168867,0.00008545587041100605,2,-0.004943009030004445,0.00008545587041100605,1
"0CMSCTF008",0,2023-10-18 00:00:00.000,109.45192376,0.1540835448962787,0.00009421324923731561,2,-0.015084808810753074,0.00009421324923731561,1
"0CMSCTF008",0,2023-10-17 00:00:00.000,111.11550093,0.13754856279794953,0.00007507780606262485,2,-0.010776803590419872,0.00007507780606262485,1
"0CMSCTF008",0,2023-10-16 00:00:00.000,112.31944655,0.13204023954419628,0.00006918501928130448,2,0.0011854223826017758,0.00006918501928130448,1
"0CMSCTF008",0,2023-10-13 00:00:00.000,112.18637945,0.14101722733053734,0.00007891213652377957,2,-0.0028247399864055407,0.00007891213652377957,1
"0CMSCTF008",0,2023-10-11 00:00:00.000,112.5037248,0.14983699783273907,0.00008909176952193752,2,0.009998148703021894,0.00008909176952193752,1
"0CMSCTF008",0,2023-10-10 00:00:00.000,111.38450024,0.1485192658196653,0.00008753163618893809,2,0.016207914409047505,0.00008753163618893809,1
"0CMSCTF008",0,2023-10-09 00:00:00.000,109.59374123,0.12539216079376844,0.00006239362693861221,2,0.005224501468432364,0.00006239362693861221,1
"0CMSCTF008",0,2023-10-06 00:00:00.000,109.02266167,0.13035531850400967,0.0000674305915169913,2,0.005439129270871709,0.0000674305915169913,1
"0CMSCTF008",0,2023-10-05 00:00:00.000,108.43128307,0.13550355635416575,0.00007286195946280388,2,-0.006017499591421825,0.00007286195946280388,1
"0CMSCTF008",0,2023-10-04 00:00:00.000,109.08573538,0.14030933234025672,0.00007812186008638339,2,0.0058614242524090655,0.00007812186008638339,1
"0CMSCTF008",0,2023-10-03 00:00:00.000,108.44820784,0.14584058348439258,0.00008440268171058761,2,-0.010791519800484562,0.00008440268171058761,1
"0CMSCTF008",0,2023-10-02 00:00:00.000,109.62486637,0.14181059806071405,0.00007980256239022778,2,-0.009901174850136758,0.00007980256239022778,1
"0CMSCTF008",0,2023-09-29 00:00:00.000,110.71567256,0.13946662151782727,0.00007718626395871779,2,0.003950624849789372,0.00007718626395871779,1
"0CMSCTF008",0,2023-09-28 00:00:00.000,110.27913933,0.14723422227383196,0.00008602347701817522,2,0.011611449008091291,0.00008602347701817522,1
"0CMSCTF008",0,2023-09-27 00:00:00.000,109.00604427,0.1411134238806173,0.00007901983491789987,2,0.002590001762470311,0.00007901983491789987,1
"0CMSCTF008",0,2023-09-26 00:00:00.000,108.72408372,0.15009372996846615,0.00008939733244383664,2,-0.01260536792713156,0.00008939733244383664,1
"0CMSCTF008",0,2023-09-25 00:00:00.000,110.10326508,0.14147352050374284,0.0000794236389036625,2,-0.004484563941727415,0.0000794236389036625,1
"0CMSCTF008",0,2023-09-22 00:00:00.000,110.59813903,0.14886157128150418,0.00008793558493808869,2,-0.003382346603719279,0.00008793558493808869,1
"0CMSCTF008",0,2023-09-21 00:00:00.000,110.97285362,0.15788031839258834,0.00009891347196724234,2,-0.017729652113728154,0.00009891347196724234,1
"0CMSCTF008",0,2023-09-20 00:00:00.000,112.95790888,0.13090204813173997,0.0000679974055757316,2,0.0011227065430810055,0.0000679974055757316,1
"0CMSCTF008",0,2023-09-19 00:00:00.000,112.83116146,0.13981725629862907,0.00007757486174157353,2,-0.004623685986535912,0.00007757486174157353,1
"0CMSCTF008",0,2023-09-18 00:00:00.000,113.35406526,0.14690537360422679,0.00008563963807062482,2,-0.008464824887536072,0.00008563963807062482,1
"0CMSCTF008",0,2023-09-15 00:00:00.000,114.31766015,0.14861696223843557,0.0000876468312102404,2,-0.013029227687895955,0.0000876468312102404,1
"0CMSCTF008",0,2023-09-14 00:00:00.000,115.81687658,0.13826560737952354,0.00007586261184138317,2,0.004244114212841949,0.00007586261184138317,1
"0CMSCTF008",0,2023-09-13 00:00:00.000,115.32637813,0.14563484449846595,0.00008416471401623951,2,0.0018418752589133545,0.00008416471401623951,1
"0CMSCTF008",0,2023-09-12 00:00:00.000,115.11415683,0.1553402970060254,0.00009575638045206423,2,0.01593089375768561,0.00009575638045206423,1
"0CMSCTF008",0,2023-09-11 00:00:00.000,113.29481577,0.13570281055522024,0.00007307639997057932,2,0.005432981816941656,0.00007307639997057932,1
"0CMSCTF008",0,2023-09-08 00:00:00.000,112.68095615,0.1413879534602865,0.00007932759279241323,2,-0.0067778147812482085,0.00007932759279241323,1
"0CMSCTF008",0,2023-09-06 00:00:00.000,113.44728087,0.14559549744459355,0.00008411924157197877,2,-0.011907006399771674,0.00008411924157197877,1
"0CMSCTF008",0,2023-09-05 00:00:00.000,114.80617248,0.13824934903978708,0.00007584477186478127,2,0.003560418863259208,0.00007584477186478127,1
"0CMSCTF008",0,2023-09-04 00:00:00.000,114.39814123,0.14627829282112192,0.00008491007520103926,2,0.0025842023235937163,0.00008491007520103926,1
"0CMSCTF008",0,2023-09-01 00:00:00.000,114.10289494,0.15564887441731828,0.00009613719090229414,2,0.015781403323752375,0.00009613719090229414,1
"0CMSCTF008",0,2023-08-31 00:00:00.000,112.3163255,0.1367349048262748,0.00007419219919781917,2,-0.014166742182608863,0.00007419219919781917,1
"0CMSCTF008",0,2023-08-30 00:00:00.000,113.91880609,0.118833688118266,0.00005603748187217982,2,-0.005272929958502298,0.00005603748187217982,1
"0CMSCTF008",0,2023-08-29 00:00:00.000,114.52107845,0.12305489605160619,0.000060089315247109545,2,0.010099028401717865,0.000060089315247109545,1
"0CMSCTF008",0,2023-08-28 00:00:00.000,113.37034724,0.11673546866135158,0.00005407607001422777,2,0.0004453359418630351,0.00005407607001422777,1
"0CMSCTF008",0,2023-08-25 00:00:00.000,113.31987059,0.12480240503962538,0.00006180809644315361,2,-0.010452455554209268,0.00006180809644315361,1
"0CMSCTF008",0,2023-08-24 00:00:00.000,114.51055344,0.11772757248626206,0.000054999132236143205,2,-0.0072822154465302935,0.000054999132236143205,1
"0CMSCTF008",0,2023-08-23 00:00:00.000,115.34748763,0.1180295318895792,0.00005528162856378251,2,0.005180098477444407,0.00005528162856378251,1
"0CMSCTF008",0,2023-08-22 00:00:00.000,114.7515212,0.12231022171911765,0.000059364247368967144,2,0.0028463931599179673,0.000059364247368967144,1
"0CMSCTF008",0,2023-08-21 00:00:00.000,114.42535767,0.12966755195446966,0.00006672092868994082,2,-0.013735498351783946,0.00006672092868994082,1
"0CMSCTF008",0,2023-08-18 00:00:00.000,116.00789054,0.11137166030047631,0.00004922082030985988,2,0.007457139513996338,0.00004922082030985988,1
"0CMSCTF008",0,2023-08-17 00:00:00.000,115.14602105,0.1103296101576381,0.00004830405903784287,2,-0.0033911176978881773,0.00004830405903784287,1
"0CMSCTF008",0,2023-08-16 00:00:00.000,115.53715758,0.11620516753862087,0.00005358587683602756,2,-0.008062154435805968,0.00005358587683602756,1
"0CMSCTF008",0,2023-08-15 00:00:00.000,116.47240096,0.11441552893396105,0.000051948068496976494,2,-0.003285699017751582,0.000051948068496976494,1
"0CMSCTF008",0,2023-08-14 00:00:00.000,116.85572361,0.12074423644510501,0.00005785385172504534,2,-0.00886473009762683,0.00005785385172504534,1
"0CMSCTF008",0,2023-08-11 00:00:00.000,117.89622312,0.11759886061959944,0.00005487893658344436,2,-0.007214624005384135,0.00005487893658344436,1
"0CMSCTF008",0,2023-08-10 00:00:00.000,118.74987573,0.11803292188746158,0.00005528480416385557,2,-0.006172692658180356,0.00005528480416385557,1
"0CMSCTF008",0,2023-08-09 00:00:00.000,119.48514919,0.1206365456442201,0.0000577506989879762,2,-0.008154854182891823,0.0000577506989879762,1
"0CMSCTF008",0,2023-08-08 00:00:00.000,120.46351696,0.11931764767357146,0.0000564948454220418,2,-0.00018252134645780678,0.0000564948454220418,1
"0CMSCTF008",0,2023-08-07 00:00:00.000,120.48550613,0.12758766963794768,0.00006459767239540508,2,-0.006735816046884674,0.00006459767239540508,1
"0CMSCTF008",0,2023-08-04 00:00:00.000,121.29981377,0.13028404254800083,0.00006735687199464004,2,-0.004939683214614329,0.00006735687199464004,1
"0CMSCTF008",0,2023-08-03 00:00:00.000,121.90047875,0.13611552315380493,0.00007352157001362703,2,0.004009600761741664,0.00007352157001362703,1
"0CMSCTF008",0,2023-08-02 00:00:00.000,121.41268508,0.14354408027913196,0.00008176548802849953,2,0.0029098085700842167,0.00008176548802849953,1
"0CMSCTF008",0,2023-08-01 00:00:00.000,121.05991091,0.1524982583358962,0.0000922845983947688,2,-0.00029993813586300127,0.0000922845983947688,1
"0CMSCTF008",0,2023-07-31 00:00:00.000,121.09622684,0.16306411914246904,0.00010551550377662435,2,0.0172380783412382,0.00010551550377662435,1
"0CMSCTF008",0,2023-07-28 00:00:00.000,119.02664961,0.14021219938108823,0.0000780137335527065,2,0.00651328629139589,0.0000780137335527065,1
"0CMSCTF008",0,2023-07-27 00:00:00.000,118.25391422,0.1447293733400065,0.00008312139487059914,2,-0.005158372957475095,0.00008312139487059914,1
"0CMSCTF008",0,2023-07-26 00:00:00.000,118.86548802,0.151625691030129,0.00009123154833477832,2,0.01164174598198007,0.00009123154833477832,1
"0CMSCTF008",0,2023-07-25 00:00:00.000,117.48970997,0.1462474015813273,0.00008487421614797624,2,0.008494984967983064,0.00008487421614797624,1
"0CMSCTF008",0,2023-07-24 00:00:00.000,116.49586398,0.147810471051464,0.0000866981561605384,2,0.01197972332583207,0.0000866981561605384,1
"0CMSCTF008",0,2023-07-21 00:00:00.000,115.10860186,0.1406883706871845,0.000078544514470693,2,0.013377209079763138,0.000078544514470693,1
"0CMSCTF008",0,2023-07-20 00:00:00.000,113.57902358,0.12713023586824387,0.00006413530504728301,2,0.002419034345151923,0.00006413530504728301,1
"0CMSCTF008",0,2023-07-19 00:00:00.000,113.30460407,0.1351662049907163,0.00007249961496663627,2,-0.005215732672266475,0.00007249961496663627,1
"0CMSCTF008",0,2023-07-18 00:00:00.000,113.89711444,0.14109574244203255,0.00007900003387011264,2,0.0013376185957820394,0.00007900003387011264,1
"0CMSCTF008",0,2023-07-17 00:00:00.000,113.74486539,0.15066622603222632,0.00009008060185235679,2,0.0010041446289373443,0.00009008060185235679,1
"0CMSCTF008",0,2023-07-14 00:00:00.000,113.63070642,0.1610018056976771,0.00010286341840441499,2,-0.005496822126595655,0.00010286341840441499,1
"0CMSCTF008",0,2023-07-13 00:00:00.000,114.25703403,0.16896415375988721,0.00011328922720553496,2,0.00788514814536023,0.00011328922720553496,1
"0CMSCTF008",0,2023-07-12 00:00:00.000,113.35964307,0.17434848404233705,0.00012062457892008357,2,0.0065175046055715655,0.00012062457892008357,1
"0CMSCTF008",0,2023-07-11 00:00:00.000,112.62322349,0.18227326631212817,0.00013183945877814286,2,-0.00047694752993730007,0.00013183945877814286,1
"0CMSCTF008",0,2023-07-10 00:00:00.000,112.67695167,0.19489291121421137,0.0001507271700061527,2,-0.008854424056427522,0.0001507271700061527,1
"0CMSCTF008",0,2023-07-07 00:00:00.000,113.67907123,0.20149169934216088,0.00016110676549123713,2,0.02120233002707534,0.00016110676549123713,1
"0CMSCTF008",0,2023-07-06 00:00:00.000,111.29418199,0.173688965973894,0.00011971371786143059,2,-0.018570753990890667,0.00011971371786143059,1
"0CMSCTF008",0,2023-07-05 00:00:00.000,113.38030939,0.14840839010143975,0.00008740099306548063,2,0.010899949083644367,0.00008740099306548063,1
"0CMSCTF008",0,2023-07-04 00:00:00.000,112.15118068,0.14453094535128716,0.0000828936276354633,2,0.0008308574109004697,0.0000828936276354633,1
"0CMSCTF008",0,2023-07-03 00:00:00.000,112.05803774,0.15447345773195034,0.00009469067120501846,2,0.002263271887867235,0.00009469067120501846,1
"0CMSCTF008",0,2023-06-30 00:00:00.000,111.80470672,0.16462459028455698,0.00010754466558078672,2,0.005855813098061779,0.00010754466558078672,1
"0CMSCTF008",0,2023-06-29 00:00:00.000,111.15191244,0.17248323518997427,0.00011805740643492055,2,0.01160926311684544,0.00011805740643492055,1
"0CMSCTF008",0,2023-06-28 00:00:00.000,109.86898199,0.17072164654610444,0.00011565825634687706,2,-0.009048880713914534,0.00011565825634687706,1
"0CMSCTF008",0,2023-06-27 00:00:00.000,110.86768506,0.17426238508254394,0.00012050547164546361,2,-0.017294915386366266,0.00012050547164546361,1
"0CMSCTF008",0,2023-06-26 00:00:00.000,112.80180934,0.15462230633056057,0.00009487324450389567,2,-0.012761119639866758,0.00009487324450389567,1
"0CMSCTF008",0,2023-06-23 00:00:00.000,114.25051059,0.14645763666802095,0.00008511841007294459,2,0.006912013794257668,0.00008511841007294459,1
"0CMSCTF008",0,2023-06-22 00:00:00.000,113.46353242,0.15099773995110088,0.00009047745027912813,2,-0.010151999917525141,0.00009047745027912813,1
"0CMSCTF008",0,2023-06-21 00:00:00.000,114.62128098,0.1494829808830923,0.00008867127608609103,2,-0.0024415116623421875,0.00008867127608609103,1
"0CMSCTF008",0,2023-06-20 00:00:00.000,114.90147208,0.15917396708003823,0.00010054107855554401,2,0.003589628707414829,0.00010054107855554401,1
"0CMSCTF008",0,2023-06-19 00:00:00.000,114.48975785,0.16883835125132912,0.0001131205906875682,2,0.009569697788339257,0.0001131205906875682,1
"0CMSCTF008",0,2023-06-16 00:00:00.000,113.39935122,0.17112986030758304,0.0001162120201940194,2,-0.011506896279680521,0.0001162120201940194,1
"0CMSCTF008",0,2023-06-15 00:00:00.000,114.7117622,0.16940980773171,0.00011388763077656724,2,0.005973665592342144,0.00011388763077656724,1
"0CMSCTF008",0,2023-06-14 00:00:00.000,114.02855515,0.17756088108427562,0.00012511058131517566,2,0.012638194989669066,0.00012511058131517566,1
"0CMSCTF008",0,2023-06-13 00:00:00.000,112.59650834,0.17400024360068786,0.00012014319354404252,2,-0.008072215656974541,0.00012014319354404252,1
"0CMSCTF008",0,2023-06-12 00:00:00.000,113.50908996,0.17962324322134127,0.00012803376787838541,2,0.010162704728321141,0.00012803376787838541,1
"0CMSCTF008",0,2023-06-09 00:00:00.000,112.36137243,0.18209805249222435,0.0001315861139740512,2,0.002986724309469624,0.0001315861139740512,1
"0CMSCTF008",0,2023-06-07 00:00:00.000,112.02628065,0.1938965209145276,0.0001491899238998327,2,0.003573583467190353,0.0001491899238998327,1
"0CMSCTF008",0,2023-06-06 00:00:00.000,111.62665985,0.2062266318942922,0.0001687675543748567,2,0.027672066836888047,0.0001687675543748567,1
"0CMSCTF008",0,2023-06-05 00:00:00.000,108.58006663,0.14470658640981712,0.00008309522281897569,2,0.0014533565250571694,0.00008309522281897569,1
"0CMSCTF008",0,2023-06-02 00:00:00.000,108.4223757,0.15449504344619552,0.00009471713670413431,2,0.017888706836793625,0.00009471713670413431,1
"0CMSCTF008",0,2023-06-01 00:00:00.000,106.50008452,0.12538432169666008,0.0000623858259021093,2,0.005754882782149495,0.0000623858259021093,1
"0CMSCTF008",0,2023-05-31 00:00:00.000,105.88894921,0.12953634555706073,0.00006658597150904067,2,0.0011557288281254065,0.00006658597150904067,1
"0CMSCTF008",0,2023-05-30 00:00:00.000,105.76664099,0.1383452880828459,0.0000759500743441493,2,-0.006955193961366932,0.0000759500743441493,1
"0CMSCTF008",0,2023-05-29 00:00:00.000,106.50483265,0.141903742344292,0.00007990742893379051,2,0.000947688655183176,0.00007990742893379051,1
"0CMSCTF008",0,2023-05-26 00:00:00.000,106.40394704,0.151637784034213,0.00009124610137621676,2,-0.002298555798012846,0.00009124610137621676,1
"0CMSCTF008",0,2023-05-25 00:00:00.000,106.64880375,0.16156370688090502,0.0001035826642107103,2,0.009401366103108572,0.0001035826642107103,1
"0CMSCTF008",0,2023-05-24 00:00:00.000,105.65085768,0.1632557045420262,0.00010576359152981489,2,-0.010476945616181399,0.00010576359152981489,1
"0CMSCTF008",0,2023-05-23 00:00:00.000,106.76357473,0.16281174778797375,0.00010518914768958245,2,-0.0035997624986917405,0.00010518914768958245,1
"0CMSCTF008",0,2023-05-22 00:00:00.000,107.14859081,0.1727517390226016,0.00011842525133068671,2,0.00938478206696756,0.00011842525133068671,1
"0CMSCTF008",0,2023-05-19 00:00:00.000,106.14772842,0.17589997534331003,0.00012278095764197254,2,0.013075011177932024,0.00012278095764197254,1
"0CMSCTF008",0,2023-05-18 00:00:00.000,104.76887956,0.17087589070153453,0.00011586734136128086,2,0.013430052688057447,0.00011586734136128086,1
"0CMSCTF008",0,2023-05-17 00:00:00.000,103.37123422,0.16390846899240466,0.00010661105637870666,2,0.011403236424724773,0.00010661105637870666,1
"0CMSCTF008",0,2023-05-16 00:00:00.000,102.199163,0.16130378322929526,0.00010324964477810904,2,-0.007979096705029064,0.00010324964477810904,1
"0CMSCTF008",0,2023-05-15 00:00:00.000,103.01788198,0.1656817441001056,0.0001089303187621146,2,0.0068334401139292416,0.0001089303187621146,1
"0CMSCTF008",0,2023-05-12 00:00:00.000,102.31631524,0.1723401494995433,0.0001178616155933529,2,-0.007662369863991397,0.0001178616155933529,1
"0CMSCTF008",0,2023-05-11 00:00:00.000,103.10331197,0.17843838258124212,0.0001263502237230545,2,0.006630394280053244,0.0001263502237230545,1
"0CMSCTF008",0,2023-05-10 00:00:00.000,102.42195768,0.1866006277908792,0.00013817378687281838,2,0.0115572032413701,0.00013817378687281838,1
"0CMSCTF008",0,2023-05-09 00:00:00.000,101.24506022,0.1870463225897089,0.00013883463013624386,2,-0.011043260278273443,0.00013883463013624386,1
"0CMSCTF008",0,2023-05-08 00:00:00.000,102.36933216,0.18867120525041348,0.00014125723686763352,2,0.014425025209456136,0.00014125723686763352,1
"0CMSCTF008",0,2023-05-05 00:00:00.000,100.90325151,0.1821541981602082,0.00013166726947376348,2,0.008991965926586508,0.00013166726947376348,1